[
    {
        "title": "SUA va deschide frontiera terestră cu Canada începând cu 8 noiembrie",
        "content": "The US’ new travel policy that requires vaccination for foreign national travelers to the United States will begin on Nov 8. This announcement and date applies to both international air travel and land travel. This policy is guided by public health, stringent, and consistent. https://t.co/uaDiVrjtqi",
        "label": "Canada_Quebec"
    },
    {
        "title": "Poeta canadiană Anne Carson, laureata Premiului Prințesa de Asturias pentru Literatură pe anul 2020",
        "content": "Vasta ei cultură clasică se reflectă în referinţele sale la Grecia antică precum în cartea sa publicată în 1986 “Eros the Bittersweet”. Considerată printre primele cele mai bune 100 de cărţi de non ficţiune din toate timpurile de Modern Library, “Eros the Bittersweet” expune conceptul de “eros” în Grecia antică prin reprezentările sale poetice.",
        "label": "Canada_Quebec"
    },
    {
        "title": "Băncile canadiene scad dobânzile la cărțile de credit. Cine poate beneficia de această decizie?",
        "content": "I’ve been working with Canada’s banks to ensure they support customers impacted by COVID-19 I’m pleased to share that @CIBC , @RBC & @nationalbank are taking action to lower credit card rates, and I hope more banks will soon follow. pic.twitter.com/5Wde9noZ5Z",
        "label": "Canada_Quebec"
    },
    {
        "title": "Papa Francisc admite că un „genocid” a avut loc în şcolile catolice pentru copii indigeni din Canada",
        "content": "“Este adevărat că nu am folosit cuvântul pentru că nu m-am gândit la el. Dar am descris genocidul. Mi-am cerut scuze, am cerut iertare pentru acest proces, care a fost un genocid”, a declarat papa Francisc.",
        "label": "Canada_Quebec"
    },
    {
        "title": "Alberta cere ajutorul guvernului federal pentru a face față pandemiei",
        "content": "As part of Alberta's ongoing efforts to boost health care capacity during the public health emergency, we have formally asked the federal government to assist us with patient transfers and critical care staff.",
        "label": "Canada_Quebec"
    },
    {
        "title": "SUA va menține închisă frontiera cu Canada până pe 21 august",
        "content": "To decrease the spread of COVID-19, including the Delta variant, the United States is extending restrictions on non-essential travel at our land and ferry crossings with Canada and Mexico through August 21, while ensuring the continued flow of essential trade and travel.",
        "label": "Canada_Quebec"
    },
    {
        "title": "Inflația în Canada a crescut la 2,9% în luna martie, anunță StatCan",
        "content": "Indicele costului dobânzii ipotecare a crescut cu 25,4% de la an la an în martie, după o creștere de 26,3% în februarie. Prețurile chiriilor au continuat să crească în martie, crescând cu 8,5% de la an la an, după o creștere de 8,2% în februarie.",
        "label": "Canada_Quebec"
    },
    {
        "title": "Justin Trudeau, vizită surpriză în Ucraina. Acord de securitate semnat între Canada și Ucraina",
        "content": "Despite Russia’s relentless assault, Ukrainians are standing strong. We need to continue standing with them.\n\nThat’s why, today, President @ZelenskyyUa and I signed a historic security agreement. With this agreement, Canada is going to provide Ukraine with more critical military… pic.twitter.com/okQBNhAnte",
        "label": "Canada_Quebec"
    },
    {
        "title": "Pfizer accelerează livrările vaccinului său în Canada",
        "content": "Mise à jour : on va recevoir 1,5 million de doses supplémentaires du vaccin de Pfizer ce mois-ci, plus tôt que prévu – et un autre million de doses plus tôt que prévu en avril et en mai. Au total, on peut s’attendre à recevoir 12,8 millions de doses de Pfizer de mai jusqu’à juin.",
        "label": "Canada_Quebec"
    },
    {
        "title": "Justin Trudeau le cere canadienilor să nu mai călătorească în afara țării",
        "content": "Que les choses soient claires: personne ne devrait aller en vacances à l’étranger en ce moment. Si vous avez prévu un voyage: annulez. Et ne réservez aucun voyage pour la relâche. On doit tenir bon quelques mois encore et arriver au printemps dans la meilleure situation possible.",
        "label": "Canada_Quebec"
    },
    {
        "title": "Justin Trudeau, primele declarații după protestul din Ottawa",
        "content": "Ce matin, j’ai eu un résultat positif au test de dépistage de la COVID-19. Je me sens bien, et je vais continuer de travailler à distance cette semaine, conformément aux consignes de la santé publique. S’il vous plaît, allez vous faire vacciner et recevoir la dose de rappel.",
        "label": "Canada_Quebec"
    },
    {
        "title": "80 de cm de zăpadă în Noua Scoție, după cea mai mare furtună de zăpadă din ultimii 20 de ani",
        "content": "About 5 feet of snow so far and it’s still coming down. ❄️",
        "label": "Canada_Quebec"
    },
    {
        "title": "Premierul Trudeau, conferință despre coronavirus. Canada întărește controlul în aeroporturi",
        "content": "Busy day ahead, working from home. Meetings with my cabinet, the country’s premiers, national Indigenous leaders, and more. Staying focused on you. Talk soon. pic.twitter.com/xhAuxscf6N",
        "label": "Canada_Quebec"
    },
    {
        "title": "169 de potențiale morminte de copii, descoperite pe locul unui fost internat catolic din Canada",
        "content": "“Această descoperire este începutul unei lungi călătorii pentru a găsi răspunsuri la ceea ce s-a întâmplat cu copiii care nu s-au mai întors acasă”, a precizat Institute of Prairie and Indigenous Archaeology din cadrul University of Alberta, care a condus căutările.",
        "label": "Canada_Quebec"
    },
    {
        "title": "Un canadian, considerat cel mai bun lunetist din lume, a ajuns în Ucraina, să lupte împotriva rușilor",
        "content": "⚡️The most famous sniper \"Wali\" has arrived in #Ukraine to fight against occupiers\n\nThe average productivity of sniper is 7 men a day. On the front type like Ukrainian, productivity can reach up to 10. \"Vali\" can provide up to 40 deaths per day. pic.twitter.com/XDOibKxiQq",
        "label": "Canada_Quebec"
    },
    {
        "title": "SUA va deschide frontiera terestră cu Canada în noiembrie",
        "content": "At long last, there is action by the U.S. to open the doors & welcome back our Canadian neighbors beginning in November.\n\nThis is good news for businesses & families that have suffered under the continued border shutdown.\n\nFurther details coming tomorrow. \n\n My statement here ⬇️ pic.twitter.com/YEN7LuxGle",
        "label": "Canada_Quebec"
    },
    {
        "title": "Frontiera Canadei cu SUA va rămâne închisă până pe 21 decembrie",
        "content": "Mise à jour sur les mesures à la frontière entre le Canada et les États-Unis : on a prolongé de 30 jours les mesures frontalières actuelles. Les restrictions visant les déplacements non essentiels entre nos deux pays resteront en vigueur au moins jusqu’au 21 décembre.",
        "label": "Canada_Quebec"
    },
    {
        "title": "Operațiune în curs a Poliției din Ottawa pentru a pune capăt blocadei din centrul orașului",
        "content": "DEMONSTRATORS: You must leave. You must cease further unlawful activity and immediately remove your vehicle and/or property from all unlawful protest sites. Anyone within the unlawful protest site may be arrested. pic.twitter.com/txDattNRE4",
        "label": "Canada_Quebec"
    },
    {
        "title": "Ontario a votat renunțarea la schimbarea orei",
        "content": "Premierul Quebecului, François Legault, a declarat că este dispus să analizeze o propunere legislativă în acest sens. New Yorkul are și el planuri să discute renunțarea la schimbarea orei, dar deocamdată nimic nu este în lucru nici în Quebec, nici în New Yorl.",
        "label": "Canada_Quebec"
    },
    {
        "title": "Inflația în Canada, în septembrie, a scăzut la 3,8%",
        "content": "Creșterea prețurilor la alimente a continuat să scadă în septembrie, dar a rămas peste inflația generală, crescând cu 5,8% de la an la an, după o creștere de 6,9% în august. S-au înregistrat creșteri mai lente de la un an la altul la carne (+4,4%), produse lactate (+4,0%) și cafea și ceai (+2,7%).",
        "label": "Canada_Quebec"
    },
    {
        "title": "Decesul Prințului Philip. Drapelul canadian, în bernă. Clasa politică reacționează",
        "content": "HRH Prince Philip embodied a life of service and the strength of the United Kingdom and Commonwealth are part of his legacy. Sincere condolences to Her Majesty on behalf of her Loyal Opposition in Canada. 🇬🇧🇨🇦 pic.twitter.com/s9LyUivkLa",
        "label": "Canada_Quebec"
    },
    {
        "title": "Canada dă în judecată Iranul la CIJ, alături de alte țări, pentru doborârea unui avion ucrainean în 2020",
        "content": "Time is up. We will proceed with taking Iran to the International Court of Justice over the downing of flight PS752, as we promised to the families of the victims.\n\nTogether, we will seek the transparency, accountability and justice families deserve. Impunity is not an option",
        "label": "Canada_Quebec"
    },
    {
        "title": "Un avion Air Canada a aterizat cu bine pe aeroportul din Madrid, după ce a avut probleme tehnice",
        "content": "„Vom ateriza pe aeroportul Barajos, însă avem rezervoarele pline cu combustibil, aşa că vom continua să zburăm până când vom mai consuma din combustibil pentru a fi mai uşori în momentul aterizării. Totul este sub control. Acest avion are, în partea din spate a trenului de aterizare, opt roţi de fiecare parte şi am pierdut doar un pneu, prin urmare nu vom avea probleme să aterizăm, vă mulţumesc pentru răbdare”, a transmis pilotul, potrivit cotidianului britanic.",
        "label": "Canada_Quebec"
    },
    {
        "title": "Scriitoarea canadiană Alice Munro, laureată a Premiului Nobel pentru Literatură, a încetat din viaţă la 92 de ani",
        "content": "Povestirea sa “The Bear Came Over the Mountain”, publicată în colecţia ”Too Much Happiness” (2009), a fost adaptată pentru ecranizare de către Sarah Polley, care a semnat şi regia acestei pelicule. O altă ecranizare, filmul “Hateship, Loveship” (2013), a avut la bază povestirea “Hateship, Friendship, Courtship, Loveship, Marriage”.",
        "label": "Canada_Quebec"
    },
    {
        "title": "Canada a doborât un obiect neidentificat, a anunțat premierul Trudeau",
        "content": "I ordered the take down of an unidentified object that violated Canadian airspace. @NORADCommand shot down the object over the Yukon. Canadian and U.S. aircraft were scrambled, and a U.S. F-22 successfully fired at the object.",
        "label": "Canada_Quebec"
    },
    {
        "title": "Donald Trump anunță închiderea frontierei cu Canada",
        "content": "We will be, by mutual consent, temporarily closing our Northern Border with Canada to non-essential traffic. Trade will not be affected. Details to follow!",
        "label": "Canada_Quebec"
    },
    {
        "title": "Regina Elisabeta a II-a împlineşte 96 de ani",
        "content": "Ahead of The Queen’s 96th Birthday tomorrow, @windsorhorse have released a new photograph of Her Majesty.\n\nTaken last month in the grounds of Windsor Castle, The Queen is pictured with two of her fell ponies, Bybeck Katie and Bybeck Nightingale.",
        "label": "Canada_Quebec"
    },
    {
        "title": "Justin Trudeau: „Vladimir Putin e un monstru”",
        "content": "La nouvelle du décès d’Alexei Navalny est tragique et atterrante. Il a défendu sans relâche la démocratie et la liberté en Russie, et son courage était incomparable.",
        "label": "Canada_Quebec"
    },
    {
        "title": "Canada: Ziua multiculturalismului",
        "content": "Le multiculturalisme est une force de notre pays, mais il reste du travail à faire pour qu’il soit plus équitable pour tous. En cette Journée canadienne du multiculturalisme, célébrons notre diversité et continuons de bâtir une société plus inclusive. https://t.co/6PpAeM4TM6 pic.twitter.com/LEJJK3zjuH",
        "label": "Canada_Quebec"
    },
    {
        "title": "Canada va fi al treilea mare exportator global de grâu, pentru al doilea an consecutiv",
        "content": "În timp ce clasamentul global poate fluctua de la an la an, din cauza condiţiilor meteo în anumite regiuni geografice, per ansamblu Canada şi-a majorat în timp volumele de export de grâu, datorită progreselor în cercetările legate de agricultură şi a geneticii, a explicat Justin Shepherd, economist la Farm Credit Canada.",
        "label": "Canada_Quebec"
    },
    {
        "title": "Tiberiu Useriu a luat din nou startul la Yukon Arctic Ultra",
        "content": "Drept urmare, am fost scos automat din cursa pe care îmi propusesem să o duc la capăt. Și am fost trimis la spital. M-am simțit cam ridicol, recunosc. Am venit acasă cu coada între picioare. Supărat pe mine, pe lume. Mi-a trecut, dar n-am uitat”, a scris Ușeriu pe pagina sa de Facebook .\n\n„Va fi greu. Plec însă cu speranța să duc la bun sfârșit ce am început. Am în minte o listă lungă de oameni dragi, susținători, suporteri. Am în minte Via Transilvanica , poate cel mai frumos proiect în derulare în care suntem implicați noi toți, cei de la Tășuleasa .",
        "label": "Canada_Quebec"
    },
    {
        "title": "Mesajele politicienilor canadieni de Ziua mamei",
        "content": "Wishing a very happy Mother’s Day to all the amazing mothers out there! I hope that your kids are spoiling you today. Mothers are the pillars of our families and are absolute superwomen, thank you for everything you do. pic.twitter.com/YJKmiVvm54",
        "label": "Canada_Quebec"
    },
    {
        "title": "Start al campaniei de vaccinare în Canada",
        "content": "The first batch of doses of Pfizer-BioNTech’s COVID-19 vaccine have arrived in Canada. pic.twitter.com/xSvwkRROKo",
        "label": "Canada_Quebec"
    },
    {
        "title": "Canada a rezervat 190 de milioane de doze de vaccin contra COVID-19, de la patru companii diferite",
        "content": "We’ve signed two new agreements – one with Novavax, and one with Johnson & Johnson – to reserve millions of doses of the vaccines they’re developing for this virus. Together with our other agreements, that means we’ll have at least 88 million doses of potential vaccines.",
        "label": "Canada_Quebec"
    },
    {
        "title": "Canada menține închisă frontiera cu SUA până pe 21 septembrie",
        "content": "We are extending the reciprocal restrictions at the Canada-US border for another 30 days, till Sept. 21, 2020. We will continue to do what’s necessary to keep our communities safe.",
        "label": "Canada_Quebec"
    },
    {
        "title": "Chrystia Freeland a părăsit o reuniune G20 în semn de protest față de participarea Rusiei",
        "content": "This week’s meetings in Washington are about supporting the world economy – and Russia’s illegal invasion of Ukraine is a grave threat to the global economy. Russia should not be participating or included in these meetings. #G20 #IMFMeetings",
        "label": "Canada_Quebec"
    },
    {
        "title": "Coronavirusul care sperie lumea. Canada declară că e pregătită",
        "content": "TPH continues to actively monitor the #coronavirus and collaborate with our provincial and national colleagues. The risk to Toronto residents remains low. More info: https://t.co/S8KL2yFp60 https://t.co/wfseSrC36y",
        "label": "Canada_Quebec"
    },
    {
        "title": "Frontiera Canadei cu SUA va rămâne închisă până pe 21 ianuarie",
        "content": "Update on our border: To keep Canadians safe, we’ve extended the measures currently in place at the Canada-US border by another 30 days. Non-essential travel between our two countries remains restricted until at least January 21st, 2021.",
        "label": "Canada_Quebec"
    },
    {
        "title": "Închiderea frontierei cu SUA, prelungită până pe 21 noiembrie",
        "content": "Update on our border: We’ve extended the measures in place at the Canada-US border by another 30 days. Non-essential travel remains restricted until at least November 21st.",
        "label": "Canada_Quebec"
    },
    {
        "title": "Cele mai frumoase 10 cântece de dragoste canadiene",
        "content": "„Because I’m still in love with you \n\n I want to see you dance again \n\n Because I’m still in love with you \n\n On this harvest moon”\n\n„When you’re lovers in a dangerous time \n\n Sometimes you’re made to feel as if your love’s a crime \n\n But nothing worth having comes without some kind of fight \n\n Got to kick at the darkness ’til it bleeds daylight”\n\nCéline Dion – My Heart Will Go On\n\n„You’re here, there’s nothing I fear \n\n And I know that my heart will go on \n\n We’ll stay forever this way \n\n You are safe in my heart and \n\n My heart will go on and on”\n\n„Suzanne takes you down to her place near the river \n\n You can hear the boats go by, you can spend the night forever \n\n And you know that she’s half-crazy but that’s why you want to be there”\n\n„One, two, three, four \n\n Tell me that you love me more \n\n Sleepless long nights \n\n That is what my youth was for”\n\n„Your love is better than ice cream \n\n Better than anything else that I’ve tried \n\n And your love is better than ice cream \n\n But everyone here knows how to fight”\n\n„Well now I see you \n\n Your pretty dress \n\n I skip a beat I must confess \n\n For I am stealing a glance \n\n A look \n\n It over takes me and I shook”\n\n„Even through the darkest phase \n\n Be it thick or thin \n\n Always someone marches brave \n\n Here beneath my skin”\n\nBryan Adams – (Everything I Do) I Do It For You\n\n„Look into my eyes \n\n You will see \n\n What you mean to me \n\n Search your heart \n\n Search your soul \n\n And when you find me there \n\n You’ll search no more”\n\nJoel Plaskett Emergency – Nowhere With You\n\nHey good looking, why the frown? \n\n You always look better when it’s upside down \n\n You say you got nowhere that you’re going to \n\n Can I go nowhere with you?\n\nMa jolie, how do you do? \n\n Mon nom est Jean-Guy Thibault-Leroux \n\n I come from East of Gatineau \n\n My name is Jean-Guy, ma jolie \n\n J’ai une maison Ã Lafontaine \n\n Where we can live, if you marry me",
        "label": "Canada_Quebec"
    },
    {
        "title": "Canada. Închisoare sau 750.000$ amendă pentru cei care nu respectă măsurile de carantină",
        "content": "Earlier this month, we asked all travellers to self-isolate when they returned to Canada. Today, we are making this isolation mandatory under the Quarantine Act to better protect our most vulnerable. pic.twitter.com/bKLdKh4mEu",
        "label": "Canada_Quebec"
    },
    {
        "title": "Inflația în Canada a scăzut la 2,9% în luna ianuarie",
        "content": "Prețurile mai mici de la an la an la benzină în ianuarie (-4,0%), comparativ cu decembrie (+1,4%), au contribuit cel mai mult la scăderea inflației. Fără a luat în calcul prețurile la benzină, inflația ar fi fost a scăzut la 3,2% de la an la an în ianuarie, față de 3,5% în decembrie anul trecut.",
        "label": "Canada_Quebec"
    },
    {
        "title": "Zelenski în Parlamentul canadian: „Vă puteți imagina celebrul CN Tower lovit de bombe rusești? Aceasta este realitatea noastră”",
        "content": "A deafening and sustained standing ovation for Ukrainian President Volodymyr Zelensky in Canada's House of Commons this morning. #cdnpoli pic.twitter.com/KBmzfnAZMS",
        "label": "Canada_Quebec"
    },
    {
        "title": "Canada a trimis Ucrainei primul tanc Leopard 2",
        "content": "Battle tanks are on their way to help Ukraine.\n\nThe first Canadian Leopard 2 is en route.",
        "label": "Canada_Quebec"
    },
    {
        "title": "Canada a ordonat unor companii chineze să-și cedeze acțiunile deținute în companii canadiene",
        "content": "Potrivit unui comunicat, cele trei companii sunt Sinomine (Hong Kong) Rare Metals Resources Co Ltd, Chengze Lithium International Limited şi Zangge Mining Investment (Chengdu) Co Ltd.",
        "label": "Canada_Quebec"
    },
    {
        "title": "Canada interzice toate zborurile din India și Pakistan",
        "content": "La priorité absolue de notre gouvernement est de protéger la santé et la sécurité des Canadiens, et notre réponse à la pandémie de COVID-19 est guidée par les plus récentes données scientifiques et recherches. pic.twitter.com/RJUUpFExp9",
        "label": "Canada_Quebec"
    },
    {
        "title": "Justin Trudeau, primul lider care vorbește cu președintele ales Joe Biden",
        "content": "I just spoke with @JoeBiden , and congratulated him again on his election. We’ve worked with each other before, and we’re ready to pick up on that work and tackle the challenges and opportunities facing our two countries – including climate change and COVID-19. pic.twitter.com/wldIwLSz5H",
        "label": "Canada_Quebec"
    }
]