[
  {
    "title": "Ceban: Ieri am avut impresia că cei care critică au vrut ca în Chișinău să fie ca în Comrat",
    "content": "",
    "metadata": {
      "original_file": "Noi_Comrat_0159.html"
    }
  },
  {
    "title": "Vlah nu va dizolva Adunarea Populară",
    "content": "",
    "metadata": {
      "original_file": "Noi_Comrat_0118.html"
    }
  },
  {
    "title": "De ce este necesară inaugurarea Consulatului turc la Comrat",
    "content": "",
    "metadata": {
      "original_file": "Noi_Comrat_0163.html"
    }
  },
  {
    "title": "Comrat: Scandal legat de promisiunea electorală a Evgheniei Guțul de a plăti pensionarilor un adaus lunar",
    "content": "",
    "metadata": {
      "original_file": "Noi_Comrat_0026.html"
    }
  },
  {
    "title": "Libertate lui Stoianoglo! La Comrat are loc un miting în susținerea Procurorului General",
    "content": "",
    "metadata": {
      "original_file": "Noi_Comrat_0134.html"
    }
  },
  {
    "title": "Cursa celor opt candidați pentru funcția de bașcan: \"foștii\" revin",
    "content": "",
    "metadata": {
      "original_file": "Noi_Comrat_0071.html"
    }
  },
  {
    "title": "Primăria Comrat va crește calitatea serviciilor administrative",
    "content": "",
    "metadata": {
      "original_file": "Noi_Comrat_0088.html"
    }
  },
  {
    "title": "Ansamblul \"Diuz-Ava\" a primit titlul de \"Colectiv artistic emerit\" al Republicii Moldova",
    "content": "",
    "metadata": {
      "original_file": "Noi_Comrat_0122.html"
    }
  },
  {
    "title": "În Găgăuzia a avut loc acțiunea \"Iar memoria despre ei este și mai dragă\"",
    "content": "",
    "metadata": {
      "original_file": "Noi_Comrat_0067.html"
    }
  },
  {
    "title": "Cînd va fi finalizată construcția noului stadion de la Comrat?",
    "content": "",
    "metadata": {
      "original_file": "Noi_Comrat_0175.html"
    }
  },
  {
    "title": "Dmitrii Constantinov își schimbă declarațiile? Ce precizări a făcut",
    "content": "",
    "metadata": {
      "original_file": "Noi_Comrat_0030.html"
    }
  },
  {
    "title": "Guțul a încălcat mai multe proceduri în timpul învestirii sale",
    "content": "",
    "metadata": {
      "original_file": "Noi_Comrat_0047.html"
    }
  },
  {
    "title": "Cum a reacționat Găgăuzia la obținerea de către Moldova a statutului de candidat la aderarea la UE?",
    "content": "",
    "metadata": {
      "original_file": "Noi_Comrat_0102.html"
    }
  },
  {
    "title": "Vizita Maiei Sandu la Comrat: \"Scopul principal este bunăstarea poporului găgăuz\"",
    "content": "",
    "metadata": {
      "original_file": "Noi_Comrat_0010.html"
    }
  },
  {
    "title": "Craciun: Găgăuzii vor susține progresul economic și ceea ce le influențează viața",
    "content": "",
    "metadata": {
      "original_file": "Noi_Comrat_0155.html"
    }
  },
  {
    "title": "Maia Sandu a felicitat locuitorii Găgăuziei cu ocazia „Hederlez”",
    "content": "",
    "metadata": {
      "original_file": "Noi_Comrat_0006.html"
    }
  },
  {
    "title": "Autorităţile din Comrat au aprobat un plan urbanistic general al orașului",
    "content": "",
    "metadata": {
      "original_file": "Noi_Comrat_0143.html"
    }
  },
  {
    "title": "Grupul privind Găgăuzia a aprobat decizia de creare a biroului de traduceri a actelor normative",
    "content": "",
    "metadata": {
      "original_file": "Noi_Comrat_0051.html"
    }
  },
  {
    "title": "Ce pretenții au locuitorii Găgăuziei față de autoritățile centrale?",
    "content": "",
    "metadata": {
      "original_file": "Noi_Comrat_0114.html"
    }
  },
  {
    "title": "Președintele Parlamentului Turciei: Viitorul Găgăuziei nu este în altă parte, ci în Moldova",
    "content": "",
    "metadata": {
      "original_file": "Noi_Comrat_0092.html"
    }
  },
  {
    "title": "Poporul așteaptă o reacție de la autoritățile Găgăuziei cu privire la reținerea lui Alexandr Stoianoglo",
    "content": "",
    "metadata": {
      "original_file": "Noi_Comrat_0138.html"
    }
  },
  {
    "title": "Primarul de Comrat: „Procurorii au luat toate documentele necesare”",
    "content": "",
    "metadata": {
      "original_file": "Noi_Comrat_0084.html"
    }
  },
  {
    "title": "Secretul fericirii în familia Cazacu din Comrat (VIDEO)",
    "content": "",
    "metadata": {
      "original_file": "Noi_Comrat_0178.html"
    }
  },
  {
    "title": "La Comrat a fost dat în exploatare drumul de centură al orașului",
    "content": "",
    "metadata": {
      "original_file": "Noi_Comrat_0085.html"
    }
  },
  {
    "title": "Sandu: \"Sarcina păstrării identității găgăuze nu a fost îndeplinită\"",
    "content": "",
    "metadata": {
      "original_file": "Noi_Comrat_0093.html"
    }
  },
  {
    "title": "Irina Vlah a avut o întîlnire cu ambasadorul Germaniei în R. Moldova",
    "content": "",
    "metadata": {
      "original_file": "Noi_Comrat_0139.html"
    }
  },
  {
    "title": "Campania \"Cunoaște dreptul tău electoral\" a ajuns în sudul țării",
    "content": "",
    "metadata": {
      "original_file": "Noi_Comrat_0050.html"
    }
  },
  {
    "title": "De ce în Găgăuzia există o situație politică tensionată și nemulțumire în rîndul populației?",
    "content": "",
    "metadata": {
      "original_file": "Noi_Comrat_0115.html"
    }
  },
  {
    "title": "Adunarea Populară de la Comrat se opune reorganizării instanțelor judecătorești din autonomia găgăuză",
    "content": "",
    "metadata": {
      "original_file": "Noi_Comrat_0007.html"
    }
  },
  {
    "title": "Urmările ploii puternice de la Comrat (VIDEO)",
    "content": "",
    "metadata": {
      "original_file": "Noi_Comrat_0142.html"
    }
  },
  {
    "title": "Vizita Maiei Sandu la Comrat: Zona întrevederii a fost încercuită de polițiști",
    "content": "",
    "metadata": {
      "original_file": "Noi_Comrat_0011.html"
    }
  },
  {
    "title": "La Ceadîr-Lunga sînt potențiali investitori care își vor lansa afaceri în cadrul Platformei Industriale Multifuncționale",
    "content": "",
    "metadata": {
      "original_file": "Noi_Comrat_0154.html"
    }
  },
  {
    "title": "Procuratura Anticorupție vine cu precizări privind fraudarea alegerilor din UTA Găgăuzia",
    "content": "",
    "metadata": {
      "original_file": "Noi_Comrat_0046.html"
    }
  },
  {
    "title": "În Moldova se desfășoară Campionatul de autocross",
    "content": "",
    "metadata": {
      "original_file": "Noi_Comrat_0103.html"
    }
  },
  {
    "title": "Primăria Comrat a intrat în carantină",
    "content": "",
    "metadata": {
      "original_file": "Noi_Comrat_0174.html"
    }
  },
  {
    "title": "Adunarea Populară a Găgăuziei a aprobat structura Comitetului Executiv",
    "content": "",
    "metadata": {
      "original_file": "Noi_Comrat_0031.html"
    }
  },
  {
    "title": "„Moldova este singura patrie pentru găgăuzi”. Declarație",
    "content": "",
    "metadata": {
      "original_file": "Noi_Comrat_0089.html"
    }
  },
  {
    "title": "Cetățenii, șocați de sumele din facturile la gaz cu noile tarife",
    "content": "",
    "metadata": {
      "original_file": "Noi_Comrat_0123.html"
    }
  },
  {
    "title": "Percheziții la Comrat. Ofițerii CNA au descins la Consiliul Electoral Central al Găgăuziei",
    "content": "",
    "metadata": {
      "original_file": "Noi_Comrat_0066.html"
    }
  },
  {
    "title": "Irina Vlah: „Reținerea lui Stoianoglo este un spectacol. Se încearcă intimidarea sa”",
    "content": "",
    "metadata": {
      "original_file": "Noi_Comrat_0135.html"
    }
  },
  {
    "title": "Cursa celor opt candidați pentru funcția de bașcan: “foștii” revin. Partea 2",
    "content": "",
    "metadata": {
      "original_file": "Noi_Comrat_0070.html"
    }
  },
  {
    "title": "Zece tone de alcool etilic de contrabandă, depistat la Comrat",
    "content": "",
    "metadata": {
      "original_file": "Noi_Comrat_0162.html"
    }
  },
  {
    "title": "O ruină fără uși – sediul asociației care promite să construiască în Găgăuzia un parc de distracții",
    "content": "",
    "metadata": {
      "original_file": "Noi_Comrat_0027.html"
    }
  },
  {
    "title": "Vlah: Nu reprezint opoziția, eu sunt la guvernare",
    "content": "",
    "metadata": {
      "original_file": "Noi_Comrat_0119.html"
    }
  },
  {
    "title": "Guvernul a aprobat alocarea a cca 1,8 milioane lei pentru construcția unui dig de protecție în Comrat",
    "content": "",
    "metadata": {
      "original_file": "Noi_Comrat_0158.html"
    }
  },
  {
    "title": "În perioada vacanței de vară, elevii școlii sportive din Comrat au cursuri gratuite de înot",
    "content": "",
    "metadata": {
      "original_file": "Noi_Comrat_0041.html"
    }
  },
  {
    "title": "Brutăriile din Găgăuzia suferă din cauza inflației ridicate",
    "content": "",
    "metadata": {
      "original_file": "Noi_Comrat_0104.html"
    }
  },
  {
    "title": "În Găgăuzia, elevii sînt obligați să participe la un marș dedicat referendumului din 2014",
    "content": "",
    "metadata": {
      "original_file": "Noi_Comrat_0016.html"
    }
  },
  {
    "title": "Deputații au votat, cu majoritatea voturilor, trei legi găgăuze",
    "content": "",
    "metadata": {
      "original_file": "Noi_Comrat_0153.html"
    }
  },
  {
    "title": "Centrul primar de AVC din Comrat, premiat",
    "content": "",
    "metadata": {
      "original_file": "Noi_Comrat_0000.html"
    }
  },
  {
    "title": "Cum decurge procesul de construcție a drumului de ocolire în Comrat",
    "content": "",
    "metadata": {
      "original_file": "Noi_Comrat_0145.html"
    }
  },
  {
    "title": "Tinere talente din sudul țării și-au prezentat lucrările în cadrul unei tradiționale expoziții",
    "content": "",
    "metadata": {
      "original_file": "Noi_Comrat_0057.html"
    }
  },
  {
    "title": "Un vitezoman din Comrat gonea cu 181 km/h printr-o localitate din raionul Taraclia",
    "content": "",
    "metadata": {
      "original_file": "Noi_Comrat_0112.html"
    }
  },
  {
    "title": "În Comrat se construiește un complex sportiv",
    "content": "",
    "metadata": {
      "original_file": "Noi_Comrat_0169.html"
    }
  },
  {
    "title": "Kulminski: Cîțiva deputați au venit la întîlnirea cu președintele pentru a crea scandal",
    "content": "",
    "metadata": {
      "original_file": "Noi_Comrat_0094.html"
    }
  },
  {
    "title": "Deputații, proaspăt aleși ai Găgăuziei, s-au îmbrîncit pentru un fotoliu",
    "content": "",
    "metadata": {
      "original_file": "Noi_Comrat_0128.html"
    }
  },
  {
    "title": "Adunarea Populară a Găgăuziei a introdus noi reguli pentru mass-media",
    "content": "",
    "metadata": {
      "original_file": "Noi_Comrat_0082.html"
    }
  },
  {
    "title": "Prim-ministra Natalia Gavrilia a vizitat Centrul pentru reabilitarea supraviețuitoarelor violenței, din UTA Găgăuzia",
    "content": "",
    "metadata": {
      "original_file": "Noi_Comrat_0108.html"
    }
  },
  {
    "title": "De unde au apărut aceste \"rîuri\" purpurii la Comrat? (FOTO)",
    "content": "",
    "metadata": {
      "original_file": "Noi_Comrat_0149.html"
    }
  },
  {
    "title": "Magazie, în flăcări: Un copil ar fi provocat un incendiu la Comrat",
    "content": "",
    "metadata": {
      "original_file": "Noi_Comrat_0165.html"
    }
  },
  {
    "title": "La Comrat, a fost inaugurată o expoziție de artă",
    "content": "",
    "metadata": {
      "original_file": "Noi_Comrat_0020.html"
    }
  },
  {
    "title": "Metamorfozele lingvistice ale Irinei Vlah. De ce Irina Vlah a \"dat-o în bară\" și cu ce ar fi mai bine să se ocupe?",
    "content": "",
    "metadata": {
      "original_file": "Noi_Comrat_0132.html"
    }
  },
  {
    "title": "În Găgăuzia meșterii şi-au expus covoarele ţesute manual",
    "content": "",
    "metadata": {
      "original_file": "Noi_Comrat_0098.html"
    }
  },
  {
    "title": "Un alt candidat va candida pentru postul de bașcan al Găgăuziei",
    "content": "",
    "metadata": {
      "original_file": "Noi_Comrat_0077.html"
    }
  },
  {
    "title": "Situație de impas în Adunarea Populară din Găgăuzia",
    "content": "",
    "metadata": {
      "original_file": "Noi_Comrat_0124.html"
    }
  },
  {
    "title": "Un consilier municipal a fost prins cu avere nejustificată",
    "content": "",
    "metadata": {
      "original_file": "Noi_Comrat_0061.html"
    }
  },
  {
    "title": "Viceprimarul orașului Comrat urmează a fi demis. Află mai multe detalii",
    "content": "",
    "metadata": {
      "original_file": "Noi_Comrat_0173.html"
    }
  },
  {
    "title": "Președintele Adunării Populare de la Comrat nu exclude crearea „Republicii Găgăuze”",
    "content": "",
    "metadata": {
      "original_file": "Noi_Comrat_0036.html"
    }
  },
  {
    "title": "Tinerii din Comrat au primit în dar din partea Rusiei mijloace de protecție împotriva COVID-19",
    "content": "",
    "metadata": {
      "original_file": "Noi_Comrat_0172.html"
    }
  },
  {
    "title": "Guțul confirmă că i-a schimbat pe cei care nu cunosc limba găgăuză",
    "content": "",
    "metadata": {
      "original_file": "Noi_Comrat_0037.html"
    }
  },
  {
    "title": "Başcanul Găgăuziei, Irina Vlah, nemulţumită de Proiectul legii bugetului de stat pentru 2022",
    "content": "",
    "metadata": {
      "original_file": "Noi_Comrat_0125.html"
    }
  },
  {
    "title": "Postul TV-Găgăuzia a fost amendat - CA spune că a favorizat un candidat la funcția de bașcan",
    "content": "",
    "metadata": {
      "original_file": "Noi_Comrat_0060.html"
    }
  },
  {
    "title": "Orașul Comrat a primit statutul de Capitală culturală a CSI în 2023",
    "content": "",
    "metadata": {
      "original_file": "Noi_Comrat_0133.html"
    }
  },
  {
    "title": "Găgăuzii au chemat autoritățile să obțină un preț mai redus la gaze",
    "content": "",
    "metadata": {
      "original_file": "Noi_Comrat_0099.html"
    }
  },
  {
    "title": "Vreme rea în sudul Moldovei: Vîntul a smuls acoperișurile caselor și a avariat mai multe mașini",
    "content": "",
    "metadata": {
      "original_file": "Noi_Comrat_0076.html"
    }
  },
  {
    "title": "Focar de coronavirus la Curtea de Apel Comrat",
    "content": "",
    "metadata": {
      "original_file": "Noi_Comrat_0164.html"
    }
  },
  {
    "title": "Ion Ceban a cîștigat alegerile și o sticlă de coniac. PAS a pierdut, dar există nuanțe",
    "content": "",
    "metadata": {
      "original_file": "Noi_Comrat_0021.html"
    }
  },
  {
    "title": "Dezastru ecologic la Comrat. Rîul Ialpug - în pericol!",
    "content": "",
    "metadata": {
      "original_file": "Noi_Comrat_0148.html"
    }
  },
  {
    "title": "Maia Sandu: Le doresc găgăuzilor încredere în viitorul nostru comun",
    "content": "",
    "metadata": {
      "original_file": "Noi_Comrat_0109.html"
    }
  },
  {
    "title": "Participanta din Moldova la un concurs muzical a ajuns în semifinală",
    "content": "",
    "metadata": {
      "original_file": "Noi_Comrat_0129.html"
    }
  },
  {
    "title": "La Comrat a avut loc Turneul anual de Sambo",
    "content": "Участники соревновались в личном и командном зачетах. Все показали высокое мастерство и волю к победе.",
    "metadata": {
      "original_file": "Noi_Comrat_0083.html"
    }
  },
  {
    "title": "Vlah și Sandu, față-n față în Găgăuzia",
    "content": "",
    "metadata": {
      "original_file": "Noi_Comrat_0095.html"
    }
  },
  {
    "title": "Centrul de Sănătate din Comrat a rămas doar cu cinci medici",
    "content": "",
    "metadata": {
      "original_file": "Noi_Comrat_0168.html"
    }
  },
  {
    "title": "Reacția ANI la declarațiile Irinei Vlah",
    "content": "",
    "metadata": {
      "original_file": "Noi_Comrat_0056.html"
    }
  },
  {
    "title": "”Vedeta” este căutată de polițiști! A furat mai multe bunuri dintr-un magazin de birotică",
    "content": "",
    "metadata": {
      "original_file": "Noi_Comrat_0113.html"
    }
  },
  {
    "title": "ANRE a redus tariful pentru energia termică furnizată în Comrat",
    "content": "",
    "metadata": {
      "original_file": "Noi_Comrat_0001.html"
    }
  },
  {
    "title": "Cînd la Comrat va fi deschis un nou complex sportiv, construit cu sprijinul Turciei",
    "content": "",
    "metadata": {
      "original_file": "Noi_Comrat_0144.html"
    }
  },
  {
    "title": "Două centre pentru pacienții care au suferit AVC vor activa în curînd la Bălți și la Comrat",
    "content": "",
    "metadata": {
      "original_file": "Noi_Comrat_0017.html"
    }
  },
  {
    "title": "Crima de la Comprat: 30 de zile de arest pe numele tinerei care și-a ucis mama",
    "content": "",
    "metadata": {
      "original_file": "Noi_Comrat_0152.html"
    }
  },
  {
    "title": "Voinicul orb din Ceadîr-Lunga, și-a etalat lucrările în cadrul unei expoziții",
    "content": "",
    "metadata": {
      "original_file": "Noi_Comrat_0040.html"
    }
  },
  {
    "title": "Directorul spitalului din Comrat – pe banca acuzaților",
    "content": "",
    "metadata": {
      "original_file": "Noi_Comrat_0105.html"
    }
  },
  {
    "title": "Sezonul de încălzire, sub semnul întrebării: Rețelele de termoficare din Comrat au datorii la Moldovagaz",
    "content": "",
    "metadata": {
      "original_file": "Noi_Comrat_0038.html"
    }
  },
  {
    "title": "O stație de așteptare a transportului public a fost demolată de un autoturism",
    "content": "",
    "metadata": {
      "original_file": "Noi_Comrat_0080.html"
    }
  },
  {
    "title": "Reprezentanții Adunării Populare a Găgăuziei s-au plîns ambasadorului SUA. Ce i-a nemulțumit",
    "content": "",
    "metadata": {
      "original_file": "Noi_Comrat_0079.html"
    }
  },
  {
    "title": "Maia Sandu va efectua o vizită în Găgăuzia în zilele următoare",
    "content": "",
    "metadata": {
      "original_file": "Noi_Comrat_0096.html"
    }
  },
  {
    "title": "Gavrilița: Nu avem nevoie de un simbol folosit în război pentru a celebra pacea",
    "content": "",
    "metadata": {
      "original_file": "Noi_Comrat_0110.html"
    }
  },
  {
    "title": "Consultații profilactice gratuite în trei raioane",
    "content": "",
    "metadata": {
      "original_file": "Noi_Comrat_0055.html"
    }
  },
  {
    "title": "Turcia ar putea ajuta la curățarea lacului din Comrat și a albiei rîului Ialpug",
    "content": "",
    "metadata": {
      "original_file": "Noi_Comrat_0147.html"
    }
  },
  {
    "title": "Un judecător de la Curtea de Apel Comrat nu a trecut de evaluare",
    "content": "",
    "metadata": {
      "original_file": "Noi_Comrat_0002.html"
    }
  },
  {
    "title": "Fata din Comrat care și-a ucis mama poate scăpa de pedeapsă",
    "content": "",
    "metadata": {
      "original_file": "Noi_Comrat_0151.html"
    }
  },
  {
    "title": "Cazul restituirii de TVA din bugetul Găgăuziei: CC continuă examinările",
    "content": "",
    "metadata": {
      "original_file": "Noi_Comrat_0014.html"
    }
  },
  {
    "title": "Parada Victoriei la Comrat: Locuitorii din sudul țării au ieșit pe străzi",
    "content": "",
    "metadata": {
      "original_file": "Noi_Comrat_0106.html"
    }
  },
  {
    "title": "Adunarea Populară a Găgăuziei va decide săptămîna viitoare, dacă aprobă componența noului Comitet Executiv",
    "content": "",
    "metadata": {
      "original_file": "Noi_Comrat_0043.html"
    }
  },
  {
    "title": "Doi candidați la Executivul Găgăuziei, înaintat de Guțul, nu au trecut testul limbii găgăuze",
    "content": "",
    "metadata": {
      "original_file": "Noi_Comrat_0034.html"
    }
  },
  {
    "title": "Comrat: Trei tineri reținuți în cazul bărbatului ucis și lăsat să zacă pe malul unui iaz",
    "content": "",
    "metadata": {
      "original_file": "Noi_Comrat_0171.html"
    }
  },
  {
    "title": "Chicu, despre Găgăuzia: Este parte a țării noastre, unde trebuie respectate legile de alegere",
    "content": "",
    "metadata": {
      "original_file": "Noi_Comrat_0063.html"
    }
  },
  {
    "title": "Formuzal, despre eșecul alegerii președintelui Adunării Populare a Găgăuziei",
    "content": "",
    "metadata": {
      "original_file": "Noi_Comrat_0126.html"
    }
  },
  {
    "title": "Un nou sport a început să fie promovat în sudul Moldovei",
    "content": "",
    "metadata": {
      "original_file": "Noi_Comrat_0075.html"
    }
  },
  {
    "title": "Alegerile din Găgăuzia s-au desfășurat, în linii generale, cu respectarea legislației",
    "content": "",
    "metadata": {
      "original_file": "Noi_Comrat_0130.html"
    }
  },
  {
    "title": "Irina Vlah: Pot să demonstrez că politica nu este o \"afacere murdară\"",
    "content": "",
    "metadata": {
      "original_file": "Noi_Comrat_0022.html"
    }
  },
  {
    "title": "Centrul multifuncțional din mun. Comrat va activa într-un program special",
    "content": "",
    "metadata": {
      "original_file": "Noi_Comrat_0167.html"
    }
  },
  {
    "title": "Evghenia Guțul a fost declarată bașcan, dar Chișinăul nu va coopera cu ea",
    "content": "",
    "metadata": {
      "original_file": "Noi_Comrat_0059.html"
    }
  },
  {
    "title": "România intenționează să deschidă un consulat la Comrat",
    "content": "",
    "metadata": {
      "original_file": "Noi_Comrat_0018.html"
    }
  },
  {
    "title": "În țară, se desfășoară campania de donare voluntară a sîngelui",
    "content": "",
    "metadata": {
      "original_file": "Noi_Comrat_0019.html"
    }
  },
  {
    "title": "Gavrilița: Alegerile din Găgăuzia au arătat cît de gravă e dezinformarea",
    "content": "",
    "metadata": {
      "original_file": "Noi_Comrat_0058.html"
    }
  },
  {
    "title": "Cine va lupta în al doilea tur pentru funcția de primar la Comrat",
    "content": "",
    "metadata": {
      "original_file": "Noi_Comrat_0023.html"
    }
  },
  {
    "title": "Mai mulți cetățeni au protestat la Comrat: Ce au cerut aceștia (VIDEO)",
    "content": "",
    "metadata": {
      "original_file": "Noi_Comrat_0166.html"
    }
  },
  {
    "title": "Opt candidați vor lupta pentru fotoliul de bașcan al Regiunii Autonome găgăuze",
    "content": "",
    "metadata": {
      "original_file": "Noi_Comrat_0074.html"
    }
  },
  {
    "title": "Protest la Taraclia: Din cauza crizei gazelor, 200 de angajați ai unei uzine rămîn fără loc de muncă",
    "content": "",
    "metadata": {
      "original_file": "Noi_Comrat_0131.html"
    }
  },
  {
    "title": "Un minor rătăcit a fost depistat de carabinieri",
    "content": "",
    "metadata": {
      "original_file": "Noi_Comrat_0062.html"
    }
  },
  {
    "title": "Transportul public s-a scumpit cu 1 leu",
    "content": "",
    "metadata": {
      "original_file": "Noi_Comrat_0127.html"
    }
  },
  {
    "title": "Guțul riscă să piardă fotoliul de Bașcan al Găguziei. Dragalin face precizări",
    "content": "",
    "metadata": {
      "original_file": "Noi_Comrat_0035.html"
    }
  },
  {
    "title": "Comrat: La ce etapă se află lucrările de construcție a drumului de ocolire (FOTO)",
    "content": "",
    "metadata": {
      "original_file": "Noi_Comrat_0170.html"
    }
  },
  {
    "title": "Gavrilița a vizitat Centrul de recuperare pentru copii din Ceadîr-Lunga",
    "content": "",
    "metadata": {
      "original_file": "Noi_Comrat_0107.html"
    }
  },
  {
    "title": "Codul Galben de instabilitate atmosferică se manifestă deja la Comrat",
    "content": "",
    "metadata": {
      "original_file": "Noi_Comrat_0042.html"
    }
  },
  {
    "title": "30 de zile de arest preventiv pe numele tinerei care și-a omorît mama",
    "content": "",
    "metadata": {
      "original_file": "Noi_Comrat_0150.html"
    }
  },
  {
    "title": "Construcția drumului M3 Chișinău – Comrat – Giurgiulești: cum decurg lucrările",
    "content": "",
    "metadata": {
      "original_file": "Noi_Comrat_0015.html"
    }
  },
  {
    "title": "Un vizitator de magazin, amendat la Comrat pentru că nu purta o mască",
    "content": "",
    "metadata": {
      "original_file": "Noi_Comrat_0146.html"
    }
  },
  {
    "title": "Un nou dosar penal privind incidentul din GagauziyaLand: cum se simt victimelе",
    "content": "",
    "metadata": {
      "original_file": "Noi_Comrat_0003.html"
    }
  },
  {
    "title": "Șeful IGP, despre legea semnată de Irina Vlah ce „permite” utilizarea panglicii Sfîntul Gheorghe în UTA Găgăuzia",
    "content": "",
    "metadata": {
      "original_file": "Noi_Comrat_0111.html"
    }
  },
  {
    "title": "Maraton în premieră la Comrat",
    "content": "",
    "metadata": {
      "original_file": "Noi_Comrat_0054.html"
    }
  },
  {
    "title": "Parlamentul consolidează cooperarea cu Adunarea Populară a Găgăuziei",
    "content": "",
    "metadata": {
      "original_file": "Noi_Comrat_0078.html"
    }
  },
  {
    "title": "Mascații Fulger, surprinși la Comrat: Poliția vine cu precizări",
    "content": "",
    "metadata": {
      "original_file": "Noi_Comrat_0097.html"
    }
  },
  {
    "title": "Orașul Comrat nu va deveni capitala culturală a CSI în 2023",
    "content": "",
    "metadata": {
      "original_file": "Noi_Comrat_0081.html"
    }
  },
  {
    "title": "Verișorul Irinei Vlah, numit consilier al bașcanei Găgăuziei, Evghenia Guțul. Care este domeniul",
    "content": "",
    "metadata": {
      "original_file": "Noi_Comrat_0039.html"
    }
  },
  {
    "title": "Ședința Adunării Populare de la Comrat s-a lăsat cu scandal",
    "content": "",
    "metadata": {
      "original_file": "Noi_Comrat_0032.html"
    }
  },
  {
    "title": "Secţiile terapeutice din Comrat şi Vulcăneşti și-au reluat activitatea",
    "content": "",
    "metadata": {
      "original_file": "Noi_Comrat_0177.html"
    }
  },
  {
    "title": "CEC din Găgăuzia anunță rezultatele finale ale alegerilor pentru funcția de bașcan",
    "content": "",
    "metadata": {
      "original_file": "Noi_Comrat_0065.html"
    }
  },
  {
    "title": "\"Apa moartă din Comrat\" (VIDEO)",
    "content": "",
    "metadata": {
      "original_file": "Noi_Comrat_0120.html"
    }
  },
  {
    "title": "Comrat: Pregătirile pentru alegeri sunt pe ultima sută de metri",
    "content": "",
    "metadata": {
      "original_file": "Noi_Comrat_0073.html"
    }
  },
  {
    "title": "În Găgăuzia continuă protestele întru susținerea lui Stoianoglo",
    "content": "",
    "metadata": {
      "original_file": "Noi_Comrat_0136.html"
    }
  },
  {
    "title": "Sute de oameni s-au adunt la Festivalul vinului la Comrat",
    "content": "",
    "metadata": {
      "original_file": "Noi_Comrat_0024.html"
    }
  },
  {
    "title": "Un bărbat din Comrat, adus de urgență la Chișinău cu un echipaj SMURD",
    "content": "",
    "metadata": {
      "original_file": "Noi_Comrat_0161.html"
    }
  },
  {
    "title": "Vicepreședintele APG, despre vizita lui Sandu în Găgăuzia",
    "content": "",
    "metadata": {
      "original_file": "Noi_Comrat_0008.html"
    }
  },
  {
    "title": "Vor merge Recean sau Grosu la învestirea lui Guțul? Declarații de la Guvern și Parlament",
    "content": "",
    "metadata": {
      "original_file": "Noi_Comrat_0049.html"
    }
  },
  {
    "title": "CEC a acreditat mai mulți observatori internaționali pentru alegerile regionale din UTA Găgăuzia",
    "content": "",
    "metadata": {
      "original_file": "Noi_Comrat_0069.html"
    }
  },
  {
    "title": "Natalia Gavrilița s-a întîlnit cu bașcanul Gagauziei, Irina Vlah",
    "content": "",
    "metadata": {
      "original_file": "Noi_Comrat_0086.html"
    }
  },
  {
    "title": "Prins conducînd cu aproape 130 km/h",
    "content": "",
    "metadata": {
      "original_file": "Noi_Comrat_0090.html"
    }
  },
  {
    "title": "Deputat: Adunarea Populară a Găgăuziei ar face jocul PAS. Ce spun reprezentanții puterii",
    "content": "",
    "metadata": {
      "original_file": "Noi_Comrat_0028.html"
    }
  },
  {
    "title": "De ce deputații Adunării Populare a Găgăuziei nu pot alege speakerul?",
    "content": "",
    "metadata": {
      "original_file": "Noi_Comrat_0116.html"
    }
  },
  {
    "title": "Vlah către absolvenți: \"Urmați-vă visul, schimbaţi-vă și aduceți schimbări!\"",
    "content": "",
    "metadata": {
      "original_file": "Noi_Comrat_0053.html"
    }
  },
  {
    "title": "Ziua oraşului Comrat va fi sărbătorită trei zile",
    "content": "",
    "metadata": {
      "original_file": "Noi_Comrat_0141.html"
    }
  },
  {
    "title": "Autoritățile locale și raionale din Ceadîr-Lunga se judecă între ele. Ce conflict au",
    "content": "",
    "metadata": {
      "original_file": "Noi_Comrat_0004.html"
    }
  },
  {
    "title": "Vlah a mulțumit Guvernului Moldovei pentru ajutorul acordat orașului Comrat",
    "content": "",
    "metadata": {
      "original_file": "Noi_Comrat_0157.html"
    }
  },
  {
    "title": "Anotimpul inspirațiilor: La Comrat, a fost inaugurată o expoziție dedicată femeii",
    "content": "",
    "metadata": {
      "original_file": "Noi_Comrat_0012.html"
    }
  },
  {
    "title": "Alerta cu bombă în clădirea Adunării Populare din Comrat, falsă",
    "content": "",
    "metadata": {
      "original_file": "Noi_Comrat_0100.html"
    }
  },
  {
    "title": "Guțul a avut primele întrevederi în calitate de bașcan",
    "content": "",
    "metadata": {
      "original_file": "Noi_Comrat_0045.html"
    }
  },
  {
    "title": "Ultimă oră: Alertă cu bombă la Consiliul Raional din Comrat",
    "content": "",
    "metadata": {
      "original_file": "Noi_Comrat_0101.html"
    }
  },
  {
    "title": "Cursuri gratuite de engleză pentru copiii din Comrat",
    "content": "",
    "metadata": {
      "original_file": "Noi_Comrat_0044.html"
    }
  },
  {
    "title": "Cod galben de ceață în centrul și sudul țării",
    "content": "",
    "metadata": {
      "original_file": "Noi_Comrat_0156.html"
    }
  },
  {
    "title": "Colegiul din Comrat va purta numele unui președinte",
    "content": "",
    "metadata": {
      "original_file": "Noi_Comrat_0013.html"
    }
  },
  {
    "title": "Guvernatoarea Găgăuziei, Irina Vlah, a fost spitalizată",
    "content": "",
    "metadata": {
      "original_file": "Noi_Comrat_0140.html"
    }
  },
  {
    "title": "Întreprinderea pentru Silvicultură din Comrat a început să vîndă lemn de foc",
    "content": "",
    "metadata": {
      "original_file": "Noi_Comrat_0005.html"
    }
  },
  {
    "title": "S-a stins din viață Dmitri Topal, deputat al Adunării Populare din Găgăuzia",
    "content": "",
    "metadata": {
      "original_file": "Noi_Comrat_0117.html"
    }
  },
  {
    "title": "Forum pentru tineri la Comrat",
    "content": "",
    "metadata": {
      "original_file": "Noi_Comrat_0052.html"
    }
  },
  {
    "title": "Spitalul din Orhei continuă modernizarea. Ce spune Ministra Sănătății, Ala Nemerenco",
    "content": "",
    "metadata": {
      "original_file": "Noi_Comrat_0029.html"
    }
  },
  {
    "title": "Șoseaua de centură a orașului Comrat - lucrările de construcție au ajuns la etapa finală",
    "content": "",
    "metadata": {
      "original_file": "Noi_Comrat_0091.html"
    }
  },
  {
    "title": "Elevii din Găgăuzia au învățat cum să obțină un voucher cultural",
    "content": "",
    "metadata": {
      "original_file": "Noi_Comrat_0068.html"
    }
  },
  {
    "title": "Natalia Gavrilița efectuează o vizită de lucru în UTA Găgăuzia",
    "content": "",
    "metadata": {
      "original_file": "Noi_Comrat_0087.html"
    }
  },
  {
    "title": "Va merge Maia Sandu la Comrat, la ceremonia de investire a Evgheniei Guțul?",
    "content": "",
    "metadata": {
      "original_file": "Noi_Comrat_0048.html"
    }
  },
  {
    "title": "Maia Sandu: \"Autoritățile centrale realizează proiecte importante în Găgăuzia\"",
    "content": "",
    "metadata": {
      "original_file": "Noi_Comrat_0009.html"
    }
  },
  {
    "title": "Maia Sandu a promulgat modificările la Codul Fiscal. Comratul își exprimă nemulțumirea",
    "content": "",
    "metadata": {
      "original_file": "Noi_Comrat_0025.html"
    }
  },
  {
    "title": "Inundațiile au defectat un gazoduct la Comrat",
    "content": "",
    "metadata": {
      "original_file": "Noi_Comrat_0160.html"
    }
  },
  {
    "title": "În sudul Moldovei a fost inaugurată o expoziție dedicată Zilei cosmonauticii",
    "content": "",
    "metadata": {
      "original_file": "Noi_Comrat_0072.html"
    }
  },
  {
    "title": "Deputații din Găgăuzia cer eliberarea lui Stoianoglo",
    "content": "",
    "metadata": {
      "original_file": "Noi_Comrat_0137.html"
    }
  },
  {
    "title": "Bașcanul ales al Găgăuziei, Eugenia Guțul, și-a declarat veniturile",
    "content": "",
    "metadata": {
      "original_file": "Noi_Comrat_0064.html"
    }
  },
  {
    "title": "Salvatorii din Comrat au ajutat o femeie de 84 de ani",
    "content": "",
    "metadata": {
      "original_file": "Noi_Comrat_0121.html"
    }
  },
  {
    "title": "Deputații găgăuzi o lasă pe Guțul fără executiv",
    "content": "",
    "metadata": {
      "original_file": "Noi_Comrat_0033.html"
    }
  },
  {
    "title": "Autoritățile de la Comrat cer Ministerului Finanțelor obținerea unui credit pentru construcția stațiilor de epurare",
    "content": "",
    "metadata": {
      "original_file": "Noi_Comrat_0176.html"
    }
  }
]