[
  {
    "title": "Trei persoane din Hîncești, trimise pe banca acuzaților pentru corupere electorală",
    "content": "A 28-year-old Moldovan man has died after being tasered by police officers following an altercation at a gas station in",
    "metadata": {
      "original_file": "HN24_0001.html"
    }
  },
  {
    "title": "O moldoveancă ucisă de soț în Germania, rudele cer ajutor pentru repatriere",
    "content": "A 28-year-old Moldovan man has died after being tasered by police officers following an altercation at a gas station in",
    "metadata": {
      "original_file": "HN24_0017.html"
    }
  },
  {
    "title": "Tânăra ucisă de soț în Germania va fi petrecută pe ultimul drum.",
    "content": "A 28-year-old Moldovan man has died after being tasered by police officers following an altercation at a gas station in",
    "metadata": {
      "original_file": "HN24_0016.html"
    }
  },
  {
    "title": "Petrocub Hîncești are un nou antrenor",
    "content": "A 28-year-old Moldovan man has died after being tasered by police officers following an altercation at a gas station in",
    "metadata": {
      "original_file": "HN24_0000.html"
    }
  },
  {
    "title": "Hîncești: Două cadavre spânzurate descoperite în ultimele 24 de ore",
    "content": "A 28-year-old Moldovan man has died after being tasered by police officers following an altercation at a gas station in",
    "metadata": {
      "original_file": "HN24_0007.html"
    }
  },
  {
    "title": "Un bărbat din Hîncești a rămas fără circa 2.000.000 lei",
    "content": "A 28-year-old Moldovan man has died after being tasered by police officers following an altercation at a gas station in",
    "metadata": {
      "original_file": "HN24_0011.html"
    }
  },
  {
    "title": "Ofertă specială Prima Casă Plus de la maib – doar pentru locuințele din afara municipiului Chișinău",
    "content": "A 28-year-old Moldovan man has died after being tasered by police officers following an altercation at a gas station in",
    "metadata": {
      "original_file": "HN24_0010.html"
    }
  },
  {
    "title": "O femeie din Hîncești victimă a schemei cu ruda implicată în accident",
    "content": "A 28-year-old Moldovan man has died after being tasered by police officers following an altercation at a gas station in",
    "metadata": {
      "original_file": "HN24_0006.html"
    }
  },
  {
    "title": "Susținem Carolina Balțatu la un concurs international din China",
    "content": "A 28-year-old Moldovan man has died after being tasered by police officers following an altercation at a gas station in",
    "metadata": {
      "original_file": "HN24_0013.html"
    }
  },
  {
    "title": "CNA și procurorii desfășoară percheziții la Hîncești în legătură cu coruperea electorală",
    "content": "A 28-year-old Moldovan man has died after being tasered by police officers following an altercation at a gas station in",
    "metadata": {
      "original_file": "HN24_0005.html"
    }
  },
  {
    "title": "Hîncești: Proprietarul unei ferme de păsări reținut",
    "content": "A 28-year-old Moldovan man has died after being tasered by police officers following an altercation at a gas station in",
    "metadata": {
      "original_file": "HN24_0009.html"
    }
  },
  {
    "title": "Proiect Educațional ! Uniți prin muzică, teatru, literatură și pictură",
    "content": "A 28-year-old Moldovan man has died after being tasered by police officers following an altercation at a gas station in",
    "metadata": {
      "original_file": "HN24_0008.html"
    }
  },
  {
    "title": "Tânăr din Cimișlia arestat pentru furturi în raionul Hîncești",
    "content": "A 28-year-old Moldovan man has died after being tasered by police officers following an altercation at a gas station in",
    "metadata": {
      "original_file": "HN24_0004.html"
    }
  },
  {
    "title": "Ar fi golit contul bancar al unui bătrân din Hîncești,de peste100.000 de lei",
    "content": "A 28-year-old Moldovan man has died after being tasered by police officers following an altercation at a gas station in",
    "metadata": {
      "original_file": "HN24_0012.html"
    }
  },
  {
    "title": "Conducători în stare de ebrietate depistați în r. Hîncești",
    "content": "A 28-year-old Moldovan man has died after being tasered by police officers following an altercation at a gas station in",
    "metadata": {
      "original_file": "HN24_0019.html"
    }
  },
  {
    "title": "Caravana Alăptării 2024: „Îmi este dor de alăptare – a fost o perioadă minunată din viața mea”",
    "content": "Galina are 37 de ani și este mamă a trei copii. Ea a decis încă de la început să le ofere copiilor săi cel mai bun start în viață: să-i alăpteze exclusiv, având siguranța că laptele matern este cea mai potrivită sursă de hrană în primii ani de viață. „Fiind asistentă medicală, am învățat despre alăptare la pediatrie. În familia mea, sunt cel mai mare copil, și am văzut cum mama i-a alăptat pe toți cei cinci frați ai mei, și așa am ales să fac și eu.” Galina își amintește cu drag prima experiență de alăptare, care a avut loc acum 15 ani, când a născut prima fetiță: „Deși inițial a fost un proces mai complicat, pe parcurs a devenit mai ușor, și am ales să continui alăptarea doar cu lapte matern. Pe primul copil l-am alăptat timp de un an și o lună, al doilea – un an și trei luni, iar al treilea – un an și șapte luni. Copiii mei nu au băut niciodată lapte praf. Făceam rezerve dacă trebuia să plec, și copiii erau hrăniți cu lapte matern cât eu nu eram lângă ei. Laptele matern este și singura hrană de care are nevoie copilul, cel puțin în primele șase luni.”\n\nDin experiența sa de alăptare a celor trei copii, Galina încurajează mamele să-și alăpteze micuții, și are și o recomandare pentru ele: „Cu cât alăptăm mai mult timp, cu atât este mai bine pentru sănătatea celui mic. Iar în ceea ce ține de alimentație, am mâncat din toate și nu am evitat anumite alimente. De exemplu, unii spun că nu este permis să bei cafea cât timp alăptezi, dar nu este adevărat.",
    "metadata": {
      "original_file": "HN24_0015.html"
    }
  },
  {
    "title": "Un polițist din Hîncești, condamnat pentru corupere pasivă.",
    "content": "A 28-year-old Moldovan man has died after being tasered by police officers following an altercation at a gas station in",
    "metadata": {
      "original_file": "HN24_0003.html"
    }
  },
  {
    "title": "Hîncești: Minori cercetați pentru furtul și accidentarea unui automobil",
    "content": "A 28-year-old Moldovan man has died after being tasered by police officers following an altercation at a gas station in",
    "metadata": {
      "original_file": "HN24_0002.html"
    }
  },
  {
    "title": "Reprezentanții Ambasadei SUA în Discuții cu Administrația Locală",
    "content": "A 28-year-old Moldovan man has died after being tasered by police officers following an altercation at a gas station in",
    "metadata": {
      "original_file": "HN24_0014.html"
    }
  },
  {
    "title": "Percheziții la Chișinău și Hîncești : Mașini de lux furate",
    "content": "A 28-year-old Moldovan man has died after being tasered by police officers following an altercation at a gas station in",
    "metadata": {
      "original_file": "HN24_0018.html"
    }
  }
]